{"tol_num": 2473, "tol_dollars": 0.8818040000000001, "FN": 11, "TN": 1994, "FP": 35, "TP": 433, "N": 2029, "P": 444, "acc": 0.9813991099953906, "f1": 0.9495609017729237, "precision": 0.9252136732367229, "recall": 0.975225223028772, "tol_ask_toks": 534488, "tol_ans_toks": 40036}