{"tol_num": 2049, "tol_dollars": 0.48563749999999994, "FN": 22, "TN": 1796, "FP": 60, "TP": 171, "N": 1856, "P": 193, "acc": 0.9599804778135772, "f1": 0.8066032737965848, "precision": 0.7402597370551527, "recall": 0.8860103581035733, "tol_ask_toks": 279657, "tol_ans_toks": 33076}