{"tol_num": 91, "tol_dollars": 0.019414, "FN": 0, "TN": 76, "FP": 1, "TP": 14, "N": 77, "P": 14, "acc": 0.9890109781427365, "f1": 0.9655166753867077, "precision": 0.9333332711111153, "recall": 0.9999999285714337, "tol_ask_toks": 10980, "tol_ans_toks": 1472}