{"tol_num": 2293, "tol_dollars": 0.449556, "FN": 41, "TN": 1865, "FP": 194, "TP": 193, "N": 2059, "P": 234, "acc": 0.8975141731803253, "f1": 0.6215776281882289, "precision": 0.49870800904726614, "recall": 0.8247863212615969, "tol_ask_toks": 250272, "tol_ans_toks": 37074}