{"tol_num": 2465, "tol_dollars": 0.8699015000000001, "FN": 23, "TN": 1973, "FP": 49, "TP": 420, "N": 2022, "P": 443, "acc": 0.97079107465688, "f1": 0.9210521299657413, "precision": 0.8955223861502721, "recall": 0.9480812619682139, "tol_ask_toks": 526729, "tol_ans_toks": 39904}