{"tol_num": 189, "tol_dollars": 0.055676, "FN": 0, "TN": 167, "FP": 0, "TP": 22, "N": 167, "P": 22, "acc": 0.9999999947089947, "f1": 0.9999994545457065, "precision": 0.9999999545454565, "recall": 0.9999999545454565, "tol_ask_toks": 31576, "tol_ans_toks": 4156}