{"tol_num": 5742, "tol_dollars": 1.871592, "FN": 223, "TN": 4565, "FP": 107, "TP": 847, "N": 4672, "P": 1070, "acc": 0.9425287354680374, "f1": 0.8369560225547422, "precision": 0.8878406699288882, "recall": 0.7915887843069263, "tol_ask_toks": 1123960, "tol_ans_toks": 92826}