{"tol_num": 109, "tol_dollars": 0.0189315, "FN": 0, "TN": 80, "FP": 2, "TP": 27, "N": 82, "P": 27, "acc": 0.9816513671408131, "f1": 0.9642851804849538, "precision": 0.9310344506539844, "recall": 0.9999999629629643, "tol_ask_toks": 10257, "tol_ans_toks": 1773}