{"tol_num": 1916, "tol_dollars": 0.3651985, "FN": 12, "TN": 1671, "FP": 39, "TP": 194, "N": 1710, "P": 206, "acc": 0.9733820454209905, "f1": 0.8838263771361404, "precision": 0.832618022177605, "recall": 0.9417475682439439, "tol_ask_toks": 202279, "tol_ans_toks": 30890}